XM,32.70505659484853,140.0,0
OY,0.0,0.0,0
GI,-11.469624951364336,-179.99999999999997,0
QU,11.469624951364349,-179.99999999999997,0
GH,-22.492949287972593,-160.0,0
EU,-77.56429515669195,-179.99999999999997,0
CI,-85.44459258668756,119.99999999999997,0
BV,-85.44459258668756,-80.0,0
Fb,-49.88876303236154,-99.99999999999999,0
SV,67.44237810333286,-79.99999999999997,0
TO,84.42893127178182,-179.99999999999997,0
TK,81.67153816651366,-179.99999999999997,0
bD,83.18770237147064,-39.999999999999964,0
ZA,74.81716117480471,120.0,0
aX,77.56429515669195,19.999999999999982,0
PZ,41.87067640001413,40.0,0
OK,-49.88876303236154,59.999999999999986,0
CZ3,-78.36652525170464,-13.333333333333325,1
CI8,-84.79037346855579,120.00000000000006,1
DO0,-85.12842640497867,-179.99999999999997,1
EX2,-74.81716117480471,-173.33333333333331,1
LK1,-78.36652525170466,173.33333333333334,1
OK4,-49.88876303236154,60.00000000000001,1
GI3,-15.214003464478495,-173.33333333333334,1
Mc1,-15.214003464478509,173.33333333333334,1
QU0,3.8461100614416903,179.99999999999997,1
QU7,15.214003464478521,-173.33333333333334,1
GH8,-15.214003464478482,-160.0,1
OY0,-7.674947601297844,0.0,1
Fb3,-52.30522167274755,-93.33333333333333,1
XM4,32.70505659484853,140.0,1
PZ0,35.884127591325765,40.000000000000014,1
SW6,71.48066686818822,-86.66666666666669,1
SV3,65.91926751325443,-73.33333333333334,1
aX0,75.79318460548843,19.999999999999982,1
aX8,79.11767176735405,19.999999999999982,1
aZ2,81.67153816651366,-33.33333333333334,1
TO4,84.42893127178182,179.99999999999997,1
aB6,83.18770237147064,173.33333333333334,1
aA1,81.09508214542126,173.33333333333334,1
TK3,81.09508214542126,-173.33333333333334,1
ZA4,74.81716117480471,120.00000000000001,1
PA0,3.846110061441703,-60.000000000000014,1
BV8,-84.79037346855579,-79.99999999999993,1
CI76,-85.12842640497867,131.11111111111111,2
CI55,-85.01824615280158,111.1111111111111,2
DO07,-85.01824615280158,-177.7777777777778,2
KE05,-85.01824615280158,177.77777777777777,2
EU06,-79.11767176735404,-175.55555555555557,2
LK13,-78.62242518007727,175.55555555555551,2
GH32,-26.001626863364294,-157.77777777777777,2
OK51,-48.20715710294777,51.11111111111111,2
GI47,-10.20954347278331,-177.77777777777777,2
Mc53,-8.944451331547656,175.55555555555554,2
QU08,6.40164208700373,-180.0,2
OC58,6.40164208700373,-166.66666666666666,2
XL60,20.10241692335465,173.33333333333334,2
XM56,35.884127591325765,137.7777777777778,2
PS62,22.492949287972593,128.88888888888889,2
XX03,43.75284033840227,142.22222222222223,2
PZ38,40.9081556333403,46.666666666666664,2
PZ04,35.884127591325765,40.0,2
PZ18,40.90815563334032,33.33333333333334,2
OU88,-12.72410877326099,0.0,2
OY53,2.5651438499496133,-4.444444444444445,2
PA04,3.846110061441703,-60.00000000000001,2
Fb17,-51.51375829311735,-104.44444444444444,2
Fb34,-52.30522167274755,-93.33333333333333,2
Fb86,-44.67241139341944,-95.55555555555556,2
GH58,-16.448311865961884,-166.66666666666663,2
TK63,81.48362471150257,-164.44444444444443,2
TO07,83.77015010087217,-177.77777777777777,2
aE42,84.42893127178182,175.55555555555557,2
aA02,80.47907085748827,175.55555555555557,2
bD31,82.55108111056764,-35.55555555555553,2
bE73,84.67256857383902,-51.11111111111111,2
bb33,85.0182461528016,88.88888888888886,2
TO84,85.12842640497868,-179.99999999999997,2
TO47,84.55210762141155,-177.77777777777777,2
aB61,83.03381226166323,171.11111111111114,2
ZA08,73.41342238844585,120.00000000000003,2
aX55,78.62242518007727,11.111111111111104,2
aX04,75.79318460548843,20.000000000000014,2
YF58,76.40945269309518,33.33333333333334,2
SV40,66.43743994246996,-79.99999999999997,2
RX15,48.20715710294777,-108.88888888888887,2
OU40,-24.842889690285077,0.0,2
BV56,-85.12842640497867,-82.22222222222221,2
CI771,-85.055246359875,128.14814814814815,3
KE045,-85.09197243860311,179.2592592592593,3
KE056,-85.01824615280158,179.2592592592592,3
DO077,-84.98096978679811,-177.03703703703704,3
BV778,-84.94341521658991,-71.11111111111111,3
BV568,-85.055246359875,-82.2222222222222,3
CZ335,-78.53774837153644,-11.851851851851825,3
LK570,-76.60898893146053,175.55555555555554,3
EU868,-75.58174046495694,-175.55555555555557,3
OK468,-49.33454485016383,64.44444444444443,3
OY443,-0.4276628949350651,0.7407407407407408,3
OY004,-10.20954347278331,0.0,3
Fb526,-47.344970082046466,-109.62962962962963,3
GH588,-15.626274156012231,-166.6666666666667,3
GI440,-12.306605159163755,-180.0,3
GI622,-11.469624951364336,-172.59259259259258,3
QU340,6.826461637179052,-173.33333333333334,3
XK026,3.8461100614416903,177.037037037037,3
XM454,33.77808654808931,137.77777777777777,3
PS624,22.492949287972593,128.88888888888889,3
XX038,44.367483242312936,142.22222222222223,3
XU630,40.25857226491307,135.55555555555557,3
PZ342,38.940540734971115,45.1851851851852,3
PZ580,45.87616409528786,33.33333333333334,3
OY864,7.674947601297857,4.444444444444444,3
OY145,-3.419303491595713,-7.407407407407408,3
PA032,2.5651438499496133,-59.25925925925925,3
OI758,27.90753234300438,-115.55555555555554,3
SV428,67.7682415504757,-84.44444444444444,3
SV385,67.11199113847321,-74.07407407407409,3
aX355,77.09532905324006,23.70370370370371,3
aX568,78.53774837153645,17.777777777777764,3
bD744,83.62936132439059,-33.33333333333334,3
bD515,83.53374630039932,-49.629629629629605,3
bb337,85.05524635987501,89.62962962962968,3
TO808,84.98096978679811,179.99999999999997,3
aE428,84.51135351620655,175.55555555555551,3
TO474,84.55210762141155,-177.77777777777777,3
TO073,83.72356825638371,-177.037037037037,3
aB648,83.28841126938276,173.33333333333334,3
YG168,70.50590211456444,97.77777777777779,3
BV7511,-85.06751874496823,-76.54320987654323,4
BV7541,-85.03061013890785,-75.80246913580248,4
KE0532,-85.055246359875,178.0246913580247,4
DO3203,-84.8802004327088,-177.53086419753086,4
EU6235,-77.62554318233262,-170.6172839506173,4
LK1425,-78.3377438281995,171.60493827160494,4
OK7172,-47.921349736335465,64.69135802469134,4
CZ0737,-78.92765772010969,-16.790123456790138,4
Fb0200,-55.251983655277314,-104.44444444444444,4
Fb8608,-45.07649961065173,-95.55555555555556,4
GH4405,-23.14992489884202,-160.2469135802469,4
Mc2651,-11.190070126580682,170.12345679012347,4
OC2121,-1.4254091619935523,-177.28395061728395,4
QU7871,17.946266278655543,-172.83950617283952,4
XK4212,11.050191029226427,174.32098765432096,4
OK4362,-50.70830056151141,63.20987654320987,4
OX2538,-10.34981081126957,5.185185185185183,4
OY5663,3.7038637783779045,-0.49382716049382663,4
OG6663,-0.14255547494137086,-60.49382716049383,4
PZ0631,35.420785913410434,44.93827160493827,4
SV8518,70.60082366755294,-82.96296296296293,4
TK3246,81.09508214542126,-177.28395061728392,4
aA1825,81.5047101156331,171.60493827160496,4
aB6727,83.35472580926528,174.32098765432096,4
TR1202,85.05524635987501,-171.60493827160496,4
bD4054,82.92930196274219,-40.740740740740726,4
aX4486,77.74714967960598,20.493827160493858,4
ZA5685,76.03603270206148,117.53086419753086,4
XM4881,35.420785913410434,139.75308641975312,4
XU6302,40.25857226491307,135.06172839506175,4
XX0337,43.546541711503515,143.20987654320987,4
XM6425,32.824931208918656,151.60493827160496,4
PS6270,22.624597440622203,129.62962962962965,4
BV80302,-85.07976074632226,-79.42386831275718,5
BV80373,-85.04704785300429,-78.93004115226333,5
DO08354,-84.93083484773156,-179.5061728395061,5
KE05758,-84.9601406144117,178.27160493827165,5
EU31135,-78.72508109998213,-176.1316872427983,5
LK45042,-77.47186327705678,177.6131687242799,5
CZ35087,-78.21221081913176,-15.473251028806585,5
OK06445,-54.56909763250263,64.36213991769547,5
Fb80457,-46.337395635087304,-100.16460905349794,5
GH80422,-17.674819831740678,-160.65843621399173,5
GI74753,-7.156617561633091,-172.75720164609055,5
Mc80240,-6.496077810333872,178.51851851851853,5
XK01265,2.612613889744312,176.70781893004116,5
QU86344,18.48790611622277,-174.8148148148148,5
OY77334,4.556967978746024,9.876543209876543,5
OY15454,-2.422723288518337,-9.1358024691358,5
PA04170,3.466736260749132,-60.493827160493815,5
PS62113,21.921032689851973,127.9835390946502,5
PS68342,24.454191557293267,133.90946502057614,5
XM78145,37.63518586440209,145.84362139917693,5
XM48257,34.99370111793707,138.35390946502056,5
XX03156,43.546541711503515,141.39917695473247,5
PZ47685,43.062423615808775,43.62139917695473,5
SV40654,66.4943616312731,-78.76543209876543,5
OI71873,25.702285927321512,-115.22633744855969,5
aX40264,76.99947013952956,19.01234567901236,5
ZA44552,74.96578743743136,118.84773662551436,5
bD47117,83.27729497862227,-38.683127572016446,5
aA51615,82.02192059895748,172.26337448559667,5
TK71615,82.02192059895748,-174.4032921810699,5
TO38458,84.32651565973768,-173.58024691358025,5
aE58484,85.04294351619683,173.33333333333331,5
BV553581,-85.03609541431689,-88.42249657064468,6
CI802417,-85.02099635433396,118.46364883401918,6
CI750110,-85.11090833582553,124.11522633744859,6
KE018862,-85.14051760404581,177.88751714677642,6
KE053505,-85.04978219412604,178.24417009602197,6
DO074664,-85.01824615280158,-177.11934156378604,6
CZ351822,-78.1342985749577,-16.51577503429356,6
LK412420,-77.84425402866795,176.1316872427984,6
EU708101,-77.15180611673658,-173.6076817558299,6
OK847038,-44.58222868649629,60.82304526748971,6
GH501658,-21.626844357539948,-166.99588477366257,6
Mc842644,-3.8461100614416903,179.01234567901238,6
GI836575,-4.920031005117914,-176.48834019204392,6
QU316588,6.669163764467299,-174.32098765432102,6
XK175485,9.476049692387019,174.78737997256516,6
Fb711277,-48.449371535419786,-96.68038408779151,6
OY728344,4.556967978746024,2.4691358024691357,6
PA016372,2.470198516809545,-60.466392318244175,6
QU408880,10.131590386552386,179.99999999999997,6
XM442337,32.55832421354656,138.87517146776406,6
PS387785,21.935726236625015,127.62688614540467,6
XX037037,43.83287620143813,143.07270233196158,6
PZ173676,39.6392946161491,36.927297668038406,6
SV321726,65.8026708623787,-78.38134430727025,6
PC828583,39.773338334546175,-104.6639231824417,6
OI713375,24.38207799193103,-114.51303155006859,6
bD080050,82.4038568826114,-40.082304526748985,6
aX817100,78.9032956845109,18.27160493827158,6
ZA712478,75.49471609617443,123.04526748971193,6
aA166315,81.06807090685717,179.39643347050756,6
TK873482,82.83509514206587,-177.0919067215364,6
TO433402,84.2508548924535,-177.0919067215364,6
aE586342,85.00585148249068,175.00685871056243,6
bb335332,85.03883578676745,88.42249657064471,6
BV8032788,-85.04750368112705,-79.67078189300409,7
CI7714524,-85.05114879997078,128.01097393689986,7
KE0514686,-85.05251502947527,177.21993598536807,7
KE0517300,-85.05069330650984,177.36625514403292,7
DO0732687,-85.05205966144966,-177.3571101966163,7
DO0732768,-85.05023777122953,-177.39368998628257,7
EU4031833,-78.20681658015287,-179.46959304983992,7
EU8072131,-76.32483001774263,-179.81710105166897,7
LK8255485,-75.6434006236876,174.55875628715137,7
CZ3800810,-78.06134107808937,-13.360768175582967,7
OK1624776,-52.26646412714779,56.424325560128025,7
OK7464515,-47.319921456293095,68.02926383173298,7
Fb5316746,-48.45987650641166,-104.59076360310927,7
Fb4033527,-51.83462800914774,-99.14037494284406,7
GH4540858,-21.454956946828286,-162.24965706447188,7
GI4351804,-12.383971425939663,-178.76543209876544,7
GI8387484,-4.098933172479513,-177.53086419753083,7
QU0706771,4.330617601639888,-177.18335619570186,7
QU4884047,14.714128073890608,-179.99085505258344,7
XK8251271,19.172525248647407,174.42158207590305,7
PA0565644,5.26712366729293,-60.82304526748971,7
OY8320288,6.16022759188225,0.5761316872427986,7
OY3556486,-2.106180802162664,4.215820759030635,7
PZ8016814,45.333181571987915,39.72565157750343,7
PZ1746604,39.907121529314985,36.21399176954731,7
PS6242083,22.429518391287836,128.40420667581162,7
XM5643552,35.819935413610864,137.89666209419295,7
XU6303820,40.214236183804,135.74759945130313,7
XM7851800,38.20164704742394,145.67901234567898,7
XX0345653,43.86333785879606,142.12162780064014,7
XM6306347,30.851511008998052,156.1408321902149,7
XK8827707,21.454956946828297,178.85688157293094,7
PZ4253332,42.03559230187854,35.153177869227264,7
OI8776718,30.92400736452905,-116.48834019204388,7
PF2148656,41.135210942868746,-95.40009144947416,7
ZA4587731,75.40983806367858,118.12528577960676,7
SV4335020,66.79159794635811,-77.33882030178326,7
SV5843218,69.72847884541947,-86.61179698216735,7
aX0682573,76.01563273022674,23.904892546867856,7
aX8100870,78.67023811301755,17.805212620027437,7
bD4424804,83.19521359504485,-41.48148148148147,7
bE6100113,84.18168672552547,-48.98948331047099,7
aA5027217,81.87401287786508,171.91586648376773,7
TK7070414,81.87326653740467,-172.62002743484229,7
TO6240542,84.40581802575272,-171.21170553269317,7
TO7775738,84.95967676595735,-170.50754458161862,7
aE5821675,85.00768966906308,171.78783721993594,7
bb3371862,85.05114879997079,89.41929583904894,7
BV54870250,-85.05099697346348,-86.4837677183356,8
BV78253862,-84.89431593312258,-74.96723060509068,8
CI57758513,-84.95936750999883,116.0158512421887,8
CI75600226,-85.05114879997078,125.85886297820456,8
KE05603615,-85.04735174306923,179.3842402072855,8
DO07152160,-85.04461606279176,-178.9391860996799,8
LK41063674,-78.0252444701795,178.41792409693645,8
EU72201265,-76.78353577417859,-179.38119189147992,8
CZ34762511,-78.27818254539632,-12.303002591068429,8
Fb38241503,-50.73615525197653,-94.92150586800793,8
OK48511367,-48.05798249478467,58.97881420515164,8
GI32042116,-16.058013146542592,-177.9728699893309,8
GI71565064,-8.50607873048697,-175.86648376771836,8
GH45442518,-21.289426163285547,-162.42341106538638,8
OY33228746,-5.014711132428624,6.947111720774273,8
PA03278283,2.8112649508743917,-59.06416704770615,8
XK42174351,11.177984463616795,175.0769699740893,8
QU47122108,12.28425065422217,-179.20438957475992,8
XM32230826,29.229032433819672,140.9754610577656,8
XM56301016,35.235560418824775,138.433165675964,8
PS61272751,21.453318946417433,129.7271757354062,8
XM60832123,31.117062330967663,153.37296143880508,8
XU63124187,40.581479285547495,134.29660112787687,8
XX03173236,43.508260508407346,141.77107148300564,8
PZ38755703,41.37601173942487,47.10867245846669,8
PZ57757416,46.00467110098089,36.12863892699284,8
Fc51504013,-39.85174798739917,-129.63572626124068,8
OW22586402,0.7022008550131252,-58.360006096631615,8
PC52458806,36.09345953973505,-111.351928059747,8
SV20852101,66.82209536122706,-93.77533912513337,8
aX46486040,77.61799779414096,24.609053497942405,8
ZA62754057,74.95939479445362,129.37661941777165,8
bD28367162,83.44032235192313,-52.03170248437737,8
aA05722747,80.76072843510799,177.89056546258192,8
TK83151057,82.50462047799638,-178.85383325712547,8
TO31130720,83.83815019303304,-176.04023776863284,8
aE51331450,84.61506920309284,172.0073159579332,8
bb33488116,85.04932657519551,88.85840573083374,8
BV804240512,-85.02069085118825,-80.50805263425293,9
CI708565326,-85.25892235752576,126.56200782401054,9
CI754848748,-84.99009715358707,124.45358939186099,9
KE055580431,-84.96312883886038,176.79215566732714,9
KE053480025,-85.05064269354392,178.51140578163893,9
DO073506567,-85.05064269354392,-177.23111314332166,9
CZ347013544,-78.34947806021368,-12.656607224508447,9
LK413474586,-77.9155713059442,178.59371030838795,9
EU354580674,-78.06206919640472,-175.78113092516384,9
OK474555348,-48.92264328551308,61.87471422039323,9
Fb484868583,-47.990103953997306,-99.8435197886501,9
GH147081657,-25.800037734013387,-165.93710308387952,9
GI730641802,-9.79704499838907,-170.64675100340395,9
Mc576514101,-6.316518377294926,176.6976578773561,9
OY041035522,-8.406852481197346,-0.7031448458060258,9
OY537117080,2.810093065032651,-4.005486968449931,9
PA402570238,9.100307229345306,-61.661332114007,9
XK058877078,6.315352201442765,177.89056546258192,9
QU832828267,17.976959432665293,-179.43504547071078,9
PZ382714446,40.979941869938436,45.35182644922015,9
PZ028668414,36.5981065089872,36.21094345374182,9
PS383657231,20.960545256071494,127.83010719910583,9
XM602176827,30.447757019883404,151.73703195651072,9
XM482452815,34.88453418992268,138.3772798861962,9
XX033123366,43.32417259153883,142.59614896103238,9
OI860616105,28.611823502104176,-115.09932428999643,9
RX114077466,46.315519731164905,-108.77102067774221,9
SV355072242,66.51330668794108,-76.28918355941676,9
YG413103084,70.84427362032686,98.29903978052123,9
ZA486483578,75.49677307800924,121.50281969212008,9
aX426174078,77.54216784091538,16.875476299344616,9
aX747576237,78.49020322752219,27.283442564649718,9
aA184816376,81.51821910339622,173.32012396484276,9
TO310523631,83.82976960028402,-175.91932124168065,9
aE423806423,84.40576083787137,176.34608545445312,9
bb303856635,84.89703001315176,87.4002946705279,9
aE815178640,85.04968094908963,176.89071787837224,9
SV1700305142,65.94654074919879,-84.37501058442989,10
BV5482764471,-85.05111506114845,-87.02264221239989,10
BV7560068257,-85.05017028096447,-74.02597842469814,10
CI5263615540,-85.14129611826941,110.74226489864351,10
CI7265571616,-85.1114082947234,123.39853342139578,10
CI7505181555,-85.08135383503867,124.10167826720182,10
CI5736546251,-85.05111506114845,116.7186573862386,10
KE0273028158,-85.11142495914162,176.48427577096987,10
KE0536546500,-85.05113193058828,178.94528273129097,10
DO0716764500,-85.05113193058828,-177.89056546258186,10
LK4016113514,-78.20657677972486,179.648427577097,10
LK4827777232,-76.95200706545714,178.87855848532578,10
EU7445272188,-76.67125372443621,-173.73875933546717,10
OK1777354303,-51.179335737008316,56.6014665786042,10
CZ3420476772,-78.42022813352972,-14.765703060170376,10
Fb4334484641,-50.9585202016351,-97.03127910718219,10
GH5856584625,-15.961399068408907,-166.99215905434468,10
Mc1730824803,-14.569012270261892,176.24176531355312,10
GI7234521114,-8.059072046057983,-177.18742061677588,10
QU3851424320,10.487900363316657,-174.37484123355182,10
XK8152020110,17.97881945245889,176.48427577096987,10
PA0426257051,3.8640599125684596,-61.17190807634337,10
OY4244664644,0.0,-4.218869074836152,10
OY7353226324,2.848178749868688,8.194888990499415,10
OY3444432334,-3.864255017562445,6.6798760351572435,10
XK8136543688,17.308706606781122,178.94528273129097,10
QU8831183154,20.74948304262503,-179.5833968399126,10
PS6206841033,21.779824960432745,129.37492590899083,10
XM0565771230,27.326562730623966,139.10785957425188,10
XM4863207510,34.69969443229734,141.56886653457298,10
XX0330807788,43.28817039237172,142.97515622618505,10
XM6054354111,30.858393806487317,152.6430591542617,10
PZ1548687734,40.17883606392535,31.288929533099626,10
PZ7555070851,45.91563178433442,43.48287015868179,10
OI7581576564,27.83907876584827,-115.8400650307372,10
RX1535370770,47.989842206759896,-108.28125793832243,10
SV7031782060,67.74277620854207,-72.77345933038663,10
SW6431665682,71.30076217120535,-85.95708648749346,10
aX1617612856,76.63925321468737,17.40249623194297,10
aX7255422107,78.48040532816347,21.1586987078528,10
ZA7323011017,75.40885284001867,127.61706379447575,10
aA0130411728,80.13997185555716,178.4829548341208,10
TK8071386820,82.4189123646549,-179.40761062846113,10
TO4434206021,84.38379583319873,-179.40794933021732,10
bb3372146218,85.05113193058828,89.0646751003404,10
BV57264048634,-85.02070782407576,-85.42972785313893,11
CI57246068382,-85.02070782407576,114.25776332650287,11
KE05443747884,-85.02070782407576,177.890565462582,11
DO04773823048,-85.08135942391766,-178.94528273129097,11
DO04773823048,-85.08135942391766,-178.94528273129097,11
DO07200264504,-85.05113193058828,-179.29685515419396,11
CZ34837816828,-78.20655013493614,-13.007840945655294,11
LK18781747622,-77.69287316941559,174.02338171123418,11
EU47467037811,-77.28205417737901,-177.1899044296545,11
Fb05827021141,-53.33088399648075,-102.65621207245964,11
OK72311284586,-47.75412569895255,62.57808486737005,11
GH51383310718,-20.30343065964378,-168.04687632305374,11
GI47416263465,-10.351477994498591,-177.8930492754605,11
GI87045185255,-3.3751218876783606,-177.8930492754605,11
QU07002763476,4.002573029443388,-177.8930492754605,11
XK85663663436,20.055949967828006,179.91216334456695,11
XK84201138888,18.562938073608677,178.41792409693645,11
PS62147032100,22.106011968040367,128.23248488543416,11
XM30178015132,26.947715856243768,146.15974303826766,11
XM60054311737,29.884656543260686,153.10312903972408,11
XM44560457183,32.99019885298108,139.74608658345895,11
XM56456700534,36.00128269884677,137.72223068976612,11
XX03131786872,43.3251683966725,141.6797349094255,11
PZ16386410216,38.822566699114795,38.671837513477506,11
OI78178446320,28.116657500149646,-113.82072516045997,11
RX13217487787,46.412184656537704,-106.08635765776447,11
SV40163034106,66.23147555689935,-80.15625441017913,11
aX41314430862,77.15715356553578,18.281201488029712,11
ZA47238521110,75.14076576175513,120.93752646107471,11
aA11857485652,81.06017353309196,170.9449214494177,11
TK43222807032,81.48680964730961,-179.91453425686015,11
TO03574622544,83.54984670370604,-178.24213788548494,11
aE54114446763,84.73838771967269,172.35358205332295,11
bb33540877533,85.05041774078215,88.15977690844326,11
BV803254745602,-85.0506539409143,-79.82665996789864,12
CI803456424553,-85.05112818182883,120.70679529806695,12
KE053652024200,-85.05207465365511,178.8683974326407,12
KE053654462750,-85.05113005620892,178.9343313745082,12
DO071704644727,-85.05113005620892,-178.25316450932468,12
CY281612610161,-79.4452281268277,-13.702330079914805,12
LK181655132036,-77.91566682955617,172.96873970958208,12
EU832016181016,-76.18499280856993,-179.29689278772247,12
FY636801583240,-57.364360717067306,-102.999204050873,12
OK446658243285,-49.837991421600314,61.87501528862093,12
GH058068815001,-27.745624883854536,-162.06171522332676,12
Mc410587505268,-13.30821393540185,177.54768638475392,12
GI871735246286,-2.881445728338333,-178.2335950745238,12
QU460311054340,10.418820497790831,-175.42109095835664,12
XK533828300764,13.855307445928876,176.14139669314187,12
OY313181386161,-5.615990333705467,4.921863386528326,12
OY803527038734,4.845926929147412,0.36015286739261754,12
PA043284261600,3.513407610346112,-59.76561838473134,12
PZ060785824214,35.40352041394839,44.65703624673294,12
PS625060382624,22.593728295005608,128.32032154086718,12
XM317558565378,28.860201911665968,144.85235425945683,12
XL822458403751,29.47417206661665,153.99297382023593,12
XP251226173262,42.50140031192322,143.09452977847025,12
OI745463230145,26.368400819214855,-113.89764809263872,12
RU681285781273,43.52956234887475,-107.92106743740135,12
SV352321156833,66.37275241126041,-76.99217787110892,12
ZA412658306821,74.49641524173614,116.71873265329549,12
aX413323833627,77.15715839512343,18.632811544461195,12
bD023073480358,82.11838119136954,-43.59373853353429,12
aA570232153327,82.26169903937596,175.07813661347168,12
TK800808780528,82.29949945404428,-179.99141955551036,12
TO328348003525,84.11778702185453,-177.53045022871777,12
aE563763855337,84.76413166644133,178.953900809309,12
bb337212207184,85.05089012980277,88.98101576656674,12
BV8046354823266,-85.02070782407576,-79.45312210888258,13
CI5803560714155,-84.99010031598158,113.55468120324426,13
KE0482706175341,-85.05397142670377,179.604496704871,13
KE0482731186381,-85.05302344313857,179.604496704871,13
KE0485035421662,-85.05207652767761,179.76928138150174,13
KE0485060618642,-85.05207652767761,179.81323734274676,13
KE0485068654767,-85.05018090449299,179.81323734274676,13
DO0712537663424,-85.05207652767761,-179.04967813924787,13
DO0712564265481,-85.05112880662227,-179.0441961886017,13
LK4501241604860,-77.50412004123892,177.36328209528438,13
EU8407181150325,-75.97257900135345,-179.84857522597366,13
CZ3061211527483,-78.90392851824576,-12.304683555339809,13
Fb4625116215430,-49.83798675049283,-97.38281389655673,13
OK7250326542858,-47.27922833623412,61.52344286571791,13
GH4221515066426,-22.593728295005608,-166.28906438657665,13
Mc4421818162227,-11.523081594188353,178.24218806352292,13
GI8724851414563,-2.460176832420581,-179.296880243213,13
QU4074815410453,9.449059554640053,-179.29688024321297,13
XK8810462030471,20.63278322541269,179.29688024321297,13
PA0414822216031,3.513422068272812,-60.820310564421405,13
OY4236836048713,-0.35155967220222734,-3.164063994560701,13
OY7001555744550,0.3555792253075448,6.3037665516962385,13
XM4117607703260,31.353642691994537,137.46094110164628,13
PS6246856326218,22.593721608280728,129.37500117604776,13
XL5887834871345,29.232394838443412,153.60845951541816,13
XX0066438378463,42.81446731196279,142.00689571686544,13
PZ4537105130820,42.55307759789627,38.67187514700598,13
OI8337351073052,27.997949854465656,-116.74310663523015,13
RX1135780670728,46.3193563989732,-108.3056068312381,13
SV4163853373183,66.93005958856031,-80.50781428857266,13
aX4034808877353,76.92061301619422,20.74218335933184,13
ZA4726354081160,75.14077876301411,121.28906125044925,13
bD0853382488383,82.5861070130518,-40.429687083483095,13
aA2756770452053,81.92318725325978,168.74999607984086,13
TK7434850466772,82.16644549708819,-172.61719237569804,13
TO0846631354832,83.90548470121078,-179.3212291361286,13
aE4805277813220,84.6082183424529,179.6240786841813,13
bb3356324634667,85.05109881644849,88.67683650050836,13
BV80717180121576,-84.99010031598158,-79.45312629038575,14
CI56436210413512,-85.14128384950676,118.12500143739175,14
CI56773820550701,-85.08136459879998,118.82812537568192,14
CI80611150250021,-85.03594145592328,121.11328340200406,14
KE05167224507116,-85.05112880662227,177.53906412523267,14
KE05405867244763,-85.03594145592328,177.71484615518102,14
DO07170215584802,-85.05136559766956,-178.33969235426784,14
DO07170226100057,-85.05124730768841,-178.33969235426784,14
DO07170227640163,-85.05101030272562,-178.33969235426784,14
LK16473602511456,-78.34941078146069,178.15429704854876,14
EU40673078217161,-78.09010038610904,-178.18243020182652,14
CZ31831222362536,-78.49055150369068,-15.468751731403628,14
Fb31200035818717,-53.330873904311716,-97.03124983666004,14
OK44243402806508,-49.92565546027554,58.594914581298774,14
OY01571576207503,-8.407170118467867,-2.8124999346640145,14
OY56733420402656,4.079240169372639,-1.1707079849357163,14
GH84065825033010,-15.961327113736004,-159.60937651906173,14
Mc50342481388451,-10.621567107054164,173.9074160840265,14
GI78081171860100,-5.75137803894653,-173.43633630073705,14
QU30541311610415,5.480563953528032,-174.1394602390273,14
XK44828780263624,12.421722939346756,179.5324159533545,14
PA07571045254517,5.615985528497132,-58.35937468965407,14
PS38383877824230,21.162545692441377,127.50116507131868,14
XM31385143063872,28.184519988899293,145.07928861759297,14
XL82447011727335,29.416780398005393,155.6261644179588,14
XP22503400845082,41.93183305535667,141.56366474463874,14
PZ13526267300787,38.27268968795205,34.45312315425838,14
OI78437338044154,28.184519988899318,-112.96758561470921,14
RU68880348017456,44.49349196120466,-106.63946180709097,14
SV13411223332736,65.31006441253322,-84.84258626806907,14
aX38226176387034,77.28260266195558,24.844915365330632,14
ZA35122807551718,74.01954369731402,123.04687318692635,14
bD32858648748733,82.85338216634169,-37.968751208715744,14
aA18678460283758,81.51827215930582,175.07812406896218,14
TK35253726505866,81.30832083644431,-177.18750006533597,14
TO35083224064751,84.11102995385924,-175.5457122971109,14
aE45177603556405,84.52840268072897,177.4230399569807,14
bb33563401287846,85.0501290364617,88.71932057264016,14
bb33563422636071,85.0511285983578,88.7024983854171,14
BV801644720107680,-85.05491832726936,-80.24414124365015,15
BV801672224571144,-85.05112880662227,-80.2441412436501,15
BV752066087034602,-85.0435409337982,-76.81640699183569,15
CI584051202811030,-84.92832089229395,113.20312550635389,15
KE053702425073344,-85.05112880662227,178.7036127560099,15
KE053474671871414,-85.05101030272562,178.62121623619134,15
DO048672464801367,-85.0511287372008,-179.47265669782374,15
DO048680771383421,-85.04923289070342,-179.49462910310865,15
CZ312460160330640,-78.63000548385058,-16.874999607984087,15
LK482446631807432,-76.99993502220802,178.59374933575077,15
EU443120677000135,-77.69287042493717,-179.6484373339377,15
OK486263022716030,-48.22467301882353,61.17187462431807,15
Fb563137601173436,-47.75409810634945,-101.60156310163555,15
GH405610617770460,-24.527135091152235,-160.3125004573519,15
Mc428447007470857,-10.627811533740404,175.5841166159903,15
GI714676472576137,-8.895519993960725,-174.9236955818307,15
QU430846555413857,9.655313810029227,-177.73619551649475,15
XK455868523435074,13.453736454342776,177.18750006533597,15
XM314886135481601,28.61345894498937,144.49218745372033,15
PS624076167125758,22.26876387196167,129.02343711615106,15
XL828827023882162,30.401660908330737,155.41321858173586,15
XP252183615213788,42.771513349093496,142.756969572665,15
OY441655876848342,-0.35155967220222734,-0.3515626660623001,15
OY450583438341310,0.6485910111569012,-2.4383432131799303,15
PA007023204648554,1.4061087624421291,-59.41406268784096,15
OI754343508378851,27.01056357503122,-115.28990605347154,15
RX153284780083552,47.98992137736064,-108.63281224137837,15
PZ541437131806627,44.33956527784662,32.69531261161565,15
SV081012647253500,65.07213005846185,-80.85937416696619,15
ZA162768706170274,73.82482041043065,116.71874937930812,15
aX538661552510561,78.27820151012904,16.171874275859462,15
bD475537206875044,83.40004212473188,-38.671875147005984,15
aA573170435224014,82.30889241261167,176.13281206714908,15
TK720137660817775,82.07002829250128,-177.89062539746058,15
TO078855632751174,83.89926648794052,-177.86803134203882,15
TO448407012467243,84.50259507567017,-179.9774059445782,15
aE801157747467437,84.86090063565264,178.96790605723487,15
bb337184418811744,85.05112505786047,89.37952974397285,15
